Issues,Requirements
1,11
1,14
1,16
2,32
3,3
3,5
3,19
3,21
3,23
3,24
3,26
3,28
4,3
4,5
4,6
4,12
4,13
4,15
4,21
4,23
4,24
4,26
4,28
5,11
5,14
5,15
5,16
5,30
5,32
6,15
6,30
7,32
8,3
8,5
8,21
8,23
8,24
8,25
8,26
8,27
8,28
8,30
9,22
10,27
11,3
11,4
11,8
11,14
11,16
13,7
13,8
13,10
13,11
14,8
14,10
14,11
15,5
16,3
16,4
16,8
16,14
16,16
17,8
17,10
17,11
17,12
17,13
17,15
17,20
17,22
18,2
18,10
18,12
18,13
18,15
18,20
19,18
20,6
20,12
20,13
20,15
20,23
20,26
20,28
21,7
21,8
21,11
21,24
21,25
21,26
21,27
21,30
22,7
22,8
22,10
22,11
23,3
23,4
23,8
23,11
23,14
23,16
24,3
24,4
24,8
24,11
24,14
24,16
25,3
25,5
25,21
25,23
25,24
25,25
25,26
25,27
25,28
25,30
26,3
26,5
26,6
26,12
26,13
26,15
26,21
26,23
26,24
26,26
26,28
27,3
27,5
27,6
27,12
27,13
27,15
27,21
27,23
27,24
27,26
27,28
28,2
28,13
29,11
29,14
29,15
29,16
29,30
29,32
30,6
30,10
30,29
31,6
31,10
31,29
32,16
33,7
33,8
33,10
33,11
34,1
35,2
35,6
35,12
35,13
35,15
35,19
35,23
35,26
35,28
36,2
39,5
40,3
40,4
40,7
40,8
40,10
40,11
40,14
40,16
41,9
42,3
42,4
42,8
42,14
42,16
43,6
43,10
43,12
43,13
43,15
43,20
43,23
43,26
43,28
44,6
44,12
44,13
44,15
44,23
44,26
44,28
44,30
44,32
45,10
45,12
45,13
45,15
45,20
46,10
46,12
46,13
46,15
46,20
47,7
47,9
47,17
48,7
48,9
48,17
49,22
50,3
50,5
50,21
50,23
50,24
50,25
50,26
50,27
50,28
50,30
51,6
51,28
51,29
52,32
